City_ID,City,Country,Lat,Lng,Max Temp,Humidity,Cloudiness,Wind Speed,Current Description
0,Winneba,GH,5.3511,-0.6231,77.05,85,93,5.82,overcast clouds
1,Ojinaga,MX,29.5667,-104.4167,47.35,71,100,3.44,overcast clouds
2,Punta Arenas,CL,-53.15,-70.9167,46.51,66,40,14.97,scattered clouds
3,Talnakh,RU,69.4865,88.3972,-18.36,93,97,2.93,overcast clouds
4,Mutis,CO,6.2262,-77.4044,76.42,93,100,7.23,light rain
5,Avarua,CK,-21.2078,-159.775,73.45,68,75,11.5,broken clouds
6,Cherskiy,RU,68.75,161.3,-17.25,98,100,6.13,overcast clouds
7,Busselton,AU,-33.65,115.3333,74.77,38,0,9.73,clear sky
8,Kollegal,IN,12.15,77.1167,72.66,56,99,3.22,overcast clouds
9,Kaitangata,NZ,-46.2817,169.8464,58.87,95,100,5.26,overcast clouds
10,Rikitea,PF,-23.1203,-134.9692,68.7,84,100,13.38,overcast clouds
11,Kapaa,US,22.0752,-159.319,77.32,80,75,20.71,broken clouds
12,Saint-Pierre,RE,-21.3393,55.4781,80.28,65,0,11.5,clear sky
13,Vaini,TO,-21.2,-175.2,77.94,70,100,6.96,overcast clouds
14,Norman Wells,CA,65.282,-126.8329,19.44,93,100,5.75,overcast clouds
15,Bhimunipatnam,IN,17.8833,83.4333,80.11,49,92,12.28,overcast clouds
16,Kupang,ID,-10.1667,123.5833,86.58,79,75,6.91,light rain
17,New Norfolk,AU,-42.7826,147.0587,50.72,53,100,5.99,light rain
18,Marienburg,PL,54.0359,19.0266,30.85,95,76,8.28,broken clouds
19,Kailua,US,21.4022,-157.7394,78.78,76,7,3.0,clear sky
20,Barrow,US,71.2906,-156.7887,21.22,79,100,14.97,overcast clouds
21,Ribeira Grande,PT,38.5167,-28.7,64.78,95,92,4.0,overcast clouds
22,Butaritari,KI,3.0707,172.7902,80.8,80,12,12.01,light rain
23,Hilo,US,19.7297,-155.09,73.26,88,75,8.05,light rain
24,Mataura,NZ,-46.1927,168.8643,58.48,98,100,3.71,light rain
25,Hambantota,LK,6.1241,81.1185,84.63,53,3,7.47,clear sky
26,Cape Town,ZA,-33.9258,18.4232,68.38,67,0,9.22,clear sky
27,Along,IN,28.1667,94.7667,78.44,26,1,1.57,clear sky
28,Creston,US,41.0586,-94.3614,33.71,64,0,12.66,clear sky
29,Kysyl-Syr,RU,63.8986,122.7617,-23.06,100,92,1.54,overcast clouds
30,Ulladulla,AU,-35.35,150.4667,62.42,42,2,18.84,clear sky
31,Auki,SB,-8.7676,160.7034,82.45,75,59,3.94,broken clouds
32,Upernavik,GL,72.7868,-56.1549,11.23,93,100,19.26,overcast clouds
33,Sitka,US,57.0531,-135.33,48.09,71,100,14.97,moderate rain
34,Doembang Nangbuat,TH,14.8333,100.1,85.3,66,56,6.46,broken clouds
35,Castro,BR,-24.7911,-50.0119,58.71,97,92,3.98,overcast clouds
36,Bathsheba,BB,13.2167,-59.5167,81.21,74,40,21.85,scattered clouds
37,Sao Filipe,CV,14.8961,-24.4956,74.52,66,55,8.95,broken clouds
38,Sakakah,SA,29.9697,40.2064,58.57,48,0,3.51,clear sky
39,Yellowknife,CA,62.456,-114.3525,23.52,100,100,12.66,light snow
40,Lagoa,PT,39.05,-27.9833,63.77,89,93,1.86,overcast clouds
41,Ushuaia,AR,-54.8,-68.3,46.06,71,40,3.44,scattered clouds
42,Palmer,US,42.1584,-72.3287,26.15,58,75,12.66,broken clouds
43,Ternate,ID,0.8,127.4,83.95,76,90,5.41,moderate rain
44,Bahir Dar,ET,11.5936,37.3908,66.88,67,30,4.65,scattered clouds
45,Lavrentiya,RU,65.5833,-171.0,23.29,81,100,20.78,overcast clouds
46,Mogok,MM,22.9167,96.5,77.22,40,4,3.18,clear sky
47,Nikolskoye,RU,59.7035,30.7861,21.09,95,13,3.76,few clouds
48,Esik,KZ,43.3552,77.4525,45.82,69,61,2.73,broken clouds
49,Pangody,RU,65.85,74.4859,-0.6,95,100,14.34,light snow
50,Bradut,RO,46.1333,25.6167,40.24,97,100,3.38,light rain
51,Souillac,MU,-20.5167,57.5167,82.78,61,40,18.41,scattered clouds
52,Hobart,AU,-42.8794,147.3294,51.06,73,75,19.57,broken clouds
53,Poya,NC,-21.35,165.15,81.25,71,61,5.68,broken clouds
54,Knysna,ZA,-34.0363,23.0471,67.64,53,9,3.67,clear sky
55,Albany,US,42.6001,-73.9662,24.58,72,88,6.6,light snow
56,Dalbandin,PK,28.8947,64.4101,67.48,22,44,4.18,scattered clouds
57,Port Hardy,CA,50.6996,-127.4199,42.98,87,100,9.22,light rain
58,Mahebourg,MU,-20.4081,57.7,82.69,61,40,18.41,scattered clouds
59,Springbok,ZA,-29.6643,17.8865,72.18,23,0,1.14,clear sky
60,Panaba,MX,21.2833,-88.2667,73.13,93,90,5.26,overcast clouds
61,Saint-Philippe,RE,-21.3585,55.7679,80.19,58,11,11.5,few clouds
62,Yerbogachen,RU,61.2767,108.0108,7.16,88,100,9.19,overcast clouds
63,Port Elizabeth,ZA,-33.918,25.5701,69.31,79,20,6.91,few clouds
64,Itaituba,BR,-4.2761,-55.9836,78.48,69,100,2.24,overcast clouds
65,Guerrero Negro,MX,27.9769,-114.0611,61.3,64,17,3.76,few clouds
66,Port Blair,IN,11.6667,92.75,87.84,55,40,5.75,scattered clouds
67,Victoria,HK,22.2855,114.1577,79.97,77,100,11.99,heavy intensity rain
68,Cabo San Lucas,MX,22.8909,-109.9124,71.62,78,15,2.48,few clouds
69,Fort Nelson,CA,58.8053,-122.7002,17.94,93,75,2.3,broken clouds
70,Huarmey,PE,-10.0681,-78.1522,64.44,85,89,6.46,overcast clouds
71,Porto Santo,PT,33.072,-16.3415,64.78,72,40,4.61,scattered clouds
72,Chokurdakh,RU,70.6333,147.9167,-33.39,100,95,1.61,overcast clouds
73,Hermanus,ZA,-34.4187,19.2345,64.8,73,13,5.99,few clouds
74,Kargasok,RU,59.0556,80.8572,-9.45,91,48,6.6,scattered clouds
75,Hami,CN,42.8,93.45,48.58,27,47,3.91,scattered clouds
76,Khatanga,RU,71.9667,102.5,-34.33,100,59,3.98,broken clouds
77,Hithadhoo,MV,-0.6,73.0833,80.46,77,56,6.93,broken clouds
78,Nome,US,64.5011,-165.4064,30.27,86,100,0.0,light snow
79,Daru,PG,-9.0763,143.2092,85.26,68,79,8.59,broken clouds
80,Mar Del Plata,AR,-38.0023,-57.5575,60.1,98,100,12.66,light intensity drizzle
81,Chernyshevskiy,RU,63.0128,112.4714,-8.1,97,75,2.62,broken clouds
82,Tuatapere,NZ,-46.1333,167.6833,55.94,99,100,6.08,light rain
83,Qaanaaq,GL,77.484,-69.3632,-14.21,82,8,6.11,clear sky
84,Bubaque,GW,11.2833,-15.8333,82.02,53,79,9.22,broken clouds
85,Carnarvon,AU,-24.8667,113.6333,81.39,40,0,19.04,clear sky
86,Cabedelo,BR,-6.9811,-34.8339,74.07,74,92,11.45,overcast clouds
87,Nandyal,IN,15.4833,78.4833,71.56,73,100,4.79,overcast clouds
88,Asau,RO,46.4333,26.4,31.28,99,100,4.7,snow
89,Portland,US,45.5234,-122.6762,42.21,63,0,8.05,clear sky
90,Kingaroy,AU,-26.5333,151.8333,86.88,20,97,14.12,overcast clouds
91,Lethem,GY,3.3803,-59.7968,77.25,78,79,7.94,broken clouds
92,Bambous Virieux,MU,-20.3428,57.7575,82.65,61,40,18.41,scattered clouds
93,Loviisa,FI,60.4566,26.2251,26.29,68,56,13.04,broken clouds
94,Onverwacht,SR,5.5833,-55.1833,77.86,94,0,2.3,clear sky
95,Kaltan,RU,53.5347,87.2457,9.09,79,100,8.86,overcast clouds
96,Adrar,MR,20.5022,-10.0711,65.08,20,0,11.83,clear sky
97,Olinda,BR,-8.0089,-34.8553,78.53,69,40,6.91,scattered clouds
98,Constitucion,CL,-35.3333,-72.4167,55.54,64,0,6.76,clear sky
99,Assare,BR,-6.8744,-39.875,74.61,51,92,5.55,overcast clouds
100,Rundu,NA,-17.9333,19.7667,83.12,22,83,0.69,broken clouds
101,Cayenne,GF,4.9333,-52.3333,75.24,94,0,0.0,clear sky
102,Clyde River,CA,70.4692,-68.5914,-12.77,77,0,13.8,clear sky
103,Ust-Kuyga,RU,70.0167,135.6,-20.87,100,96,2.21,overcast clouds
104,Axim,GH,4.8699,-2.2405,77.4,81,99,2.59,overcast clouds
105,Narsaq,GL,60.9167,-46.05,26.82,84,100,1.79,overcast clouds
106,Frisco,US,33.1507,-96.8236,45.32,66,95,1.01,light rain
107,Harper,LR,4.375,-7.7169,75.97,86,100,1.92,overcast clouds
108,General Pico,AR,-35.6566,-63.7568,54.91,57,51,7.43,broken clouds
109,Matinhos,BR,-25.8175,-48.5428,67.71,93,39,3.85,scattered clouds
110,Dunedin,NZ,-45.8742,170.5036,57.79,89,100,9.42,overcast clouds
111,Khuzdar,PK,27.7384,66.6434,68.49,24,47,10.65,scattered clouds
112,Alofi,NU,-19.0595,-169.9187,75.09,94,99,5.75,overcast clouds
113,Mayo,US,38.8876,-76.5119,33.13,63,0,9.22,clear sky
114,Fortuna,US,40.5982,-124.1573,43.09,100,0,11.5,clear sky
115,Sandakan,MY,5.8402,118.1179,87.48,66,20,5.75,few clouds
116,Chuy,UY,-33.6971,-53.4616,66.79,90,100,4.29,overcast clouds
117,San Patricio,US,28.017,-97.5169,50.85,59,100,6.8,overcast clouds
118,Omboue,GA,-1.5746,9.2618,74.26,94,100,6.69,overcast clouds
119,Bluff,NZ,-46.6,168.3333,58.8,96,100,5.12,overcast clouds
120,Severo-Kurilsk,RU,50.6789,156.125,36.23,82,100,8.43,overcast clouds
121,Narrabri,AU,-30.3167,149.7833,76.51,37,10,5.01,clear sky
122,Hobyo,SO,5.3505,48.5268,83.01,59,99,15.79,overcast clouds
123,Ilebo,CD,-4.3167,20.5833,71.89,98,100,0.78,overcast clouds
124,Puerto Madryn,AR,-42.7692,-65.0385,53.82,56,0,13.22,clear sky
125,Praya,CV,14.9215,-23.5087,73.94,68,40,16.11,scattered clouds
126,Tsuruga,JP,35.6455,136.0558,61.65,79,61,6.13,broken clouds
127,Flinders,AU,-34.5833,150.8552,68.18,40,1,14.0,clear sky
128,Saint Anthony,US,45.0205,-93.218,28.35,78,0,9.22,clear sky
129,Sao Joao Da Barra,BR,-21.6403,-41.0511,71.94,90,25,6.96,scattered clouds
130,Breves,BR,-1.6822,-50.4803,71.58,85,68,3.69,broken clouds
131,Atar,MR,20.5169,-13.0499,68.36,18,0,9.93,clear sky
132,Hervey Bay,AU,-25.2986,152.8535,83.01,82,92,11.01,overcast clouds
133,Port Alfred,ZA,-33.5906,26.891,68.18,80,0,5.01,clear sky
134,Ancud,CL,-41.8697,-73.8203,43.99,84,21,3.89,few clouds
135,Suratgarh,IN,29.3167,73.9,75.15,23,11,3.94,few clouds
136,Ormara,PK,25.2088,64.6357,79.45,63,0,3.04,clear sky
137,Bambanglipuro,ID,-7.95,110.2833,83.5,70,54,9.62,broken clouds
138,Pitimbu,BR,-7.4706,-34.8086,73.99,73,93,10.42,overcast clouds
139,Hasaki,JP,35.7333,140.8333,63.21,85,100,10.11,overcast clouds
140,Berbera,SO,10.4396,45.0143,82.06,55,59,10.69,broken clouds
141,Te Anau,NZ,-45.4167,167.7167,55.51,93,100,7.54,moderate rain
142,Mount Gambier,AU,-37.8333,140.7667,52.0,58,61,19.04,broken clouds
143,Olafsvik,IS,64.8945,-23.7142,42.57,71,54,12.5,broken clouds
144,Ust-Tsilma,RU,65.441,52.1498,32.86,99,100,5.17,light snow
145,Kodiak,US,57.79,-152.4072,38.71,100,100,4.61,light rain
146,Provideniya,RU,64.3833,-173.3,18.01,88,100,12.48,overcast clouds
147,Caborca,MX,30.5838,-111.101,53.08,45,0,7.9,clear sky
148,Torbay,CA,47.6666,-52.7314,43.75,94,75,25.32,broken clouds
149,Beidao,CN,34.5686,105.8933,44.28,76,100,2.73,overcast clouds
150,Arenillas,ES,41.3471,-2.8462,46.99,91,100,17.92,overcast clouds
151,Qostanay,KZ,53.1667,63.5833,-3.71,77,75,2.24,broken clouds
152,Chilca,PE,-12.5211,-76.7372,63.45,89,96,2.64,overcast clouds
153,Duarte,US,34.1394,-117.9773,65.07,26,10,6.06,clear sky
154,Deputatskiy,RU,69.3,139.9,-24.32,94,74,2.06,broken clouds
155,Lata,PT,40.1629,-8.3327,61.07,95,100,10.38,overcast clouds
156,Airai,TL,-8.9266,125.4092,68.02,84,96,1.61,overcast clouds
157,Klaksvik,FO,62.2266,-6.589,45.52,85,91,22.66,light rain
158,Elmadag,TR,39.9208,33.2308,49.35,71,99,3.71,overcast clouds
159,Wanaka,NZ,-44.7,169.15,60.12,74,95,4.0,overcast clouds
160,Sorland,NO,67.667,12.6934,44.46,57,0,11.01,clear sky
161,Storm Lake,US,42.6411,-95.2097,30.42,55,0,12.66,clear sky
162,Ranong,TH,9.9658,98.6348,82.33,68,81,4.59,light rain
163,East London,ZA,-33.0153,27.9116,70.74,64,0,2.3,clear sky
164,Grindavik,IS,63.8424,-22.4338,41.47,81,75,14.97,moderate rain
165,Nanortalik,GL,60.1432,-45.2371,27.52,84,98,9.6,overcast clouds
166,Srednekolymsk,RU,67.45,153.6833,-34.8,100,38,1.23,scattered clouds
167,Tual,ID,-5.6667,132.75,85.41,71,100,10.87,overcast clouds
168,Barahona,DO,18.2085,-71.1008,75.6,86,1,2.48,clear sky
169,Puerto Ayora,EC,-0.7393,-90.3518,67.55,99,83,5.01,broken clouds
170,Gobabis,NA,-22.45,18.9667,79.59,17,96,12.64,overcast clouds
171,Thompson,CA,55.7435,-97.8558,14.16,79,40,9.22,scattered clouds
172,Lugazi,UG,0.3772,32.9197,65.86,93,99,0.87,light rain
173,College,US,64.8569,-147.8028,15.75,87,75,0.0,broken clouds
174,Charagua,BO,-19.8,-63.2167,67.51,87,1,3.31,clear sky
175,Moen,NO,69.1304,18.6123,24.93,60,0,5.21,clear sky
176,Lorengau,PG,-2.0226,147.2712,85.62,61,26,9.71,scattered clouds
177,Golub-Dobrzyn,PL,53.1109,19.0538,22.05,90,23,4.61,few clouds
178,Praia Da Vitoria,PT,38.7333,-27.0667,63.75,100,40,3.02,scattered clouds
179,Ponta Do Sol,PT,32.6667,-17.1,66.83,71,14,5.12,few clouds
180,Tiksi,RU,71.6872,128.8694,-17.39,100,96,3.18,overcast clouds
181,San Carlos,VE,9.6612,-68.5827,70.86,96,68,3.06,broken clouds
182,Malakal,SS,9.5334,31.6605,83.46,26,4,7.27,clear sky
183,Margate,GB,51.3813,1.3862,41.9,76,88,7.9,overcast clouds
184,Lebu,CL,-37.6167,-73.65,53.1,82,17,19.06,few clouds
185,San Pedro,PH,14.35,121.0167,87.31,72,75,6.91,broken clouds
186,Dingle,PH,10.9995,122.6711,85.41,74,81,7.36,broken clouds
187,Bredasdorp,ZA,-34.5322,20.0403,63.88,69,36,4.83,scattered clouds
188,Nelson Bay,AU,-32.7167,152.15,78.12,33,30,21.99,scattered clouds
189,Plymouth,US,41.8334,-70.8328,28.94,48,0,12.66,clear sky
190,Espanola,US,35.9911,-106.0806,37.38,42,0,3.65,clear sky
191,Atuona,PF,-9.8,-139.0333,77.4,72,55,8.23,broken clouds
192,Bogande,BF,12.9714,-0.1436,69.57,19,42,8.95,scattered clouds
193,Honningsvag,NO,70.9821,25.9704,37.15,87,100,10.36,overcast clouds
194,Los Llanos De Aridane,ES,28.6585,-17.9182,64.13,84,75,11.5,broken clouds
195,Koslan,RU,63.4564,48.8989,24.78,96,100,7.27,overcast clouds
196,Sangar,RU,63.9242,127.4739,-23.53,100,93,0.85,overcast clouds
197,Dubti,ET,11.7361,41.0853,80.49,53,0,11.77,clear sky
198,Pangai,TO,-19.8,-174.35,78.4,69,99,8.14,overcast clouds
199,Vestmannaeyjar,IS,63.4427,-20.2734,43.72,79,37,21.52,scattered clouds
200,Porto Novo,BJ,6.4965,2.6036,78.62,90,83,3.85,moderate rain
201,Mezen,RU,65.8522,44.24,33.71,96,100,5.84,overcast clouds
202,Koshurnikovo,RU,54.1667,93.3,10.49,71,97,8.59,overcast clouds
203,Arraial Do Cabo,BR,-22.9661,-42.0278,71.64,89,1,14.03,clear sky
204,Bria,CF,6.5423,21.9863,70.43,41,99,4.32,overcast clouds
205,Buritizeiro,BR,-17.3511,-44.9622,68.2,88,100,1.81,overcast clouds
206,Ambilobe,MG,-13.2,49.05,83.98,63,63,2.37,broken clouds
207,Takoradi,GH,4.8845,-1.7554,77.52,82,95,4.72,light rain
208,Boda,CF,4.3189,17.4695,74.03,60,40,0.58,scattered clouds
209,Port Moresby,PG,-9.4431,147.1797,78.22,94,100,11.5,light rain
210,Caucaia,BR,-3.7361,-38.6531,80.55,73,20,14.97,few clouds
211,Coloso,CO,9.4915,-75.3615,75.15,94,100,4.56,overcast clouds
212,Vadso,NO,70.0744,29.7487,28.56,93,75,9.22,broken clouds
213,Eyl,SO,7.9803,49.8164,81.91,57,99,15.86,overcast clouds
214,Mandalgovi,MN,45.7625,106.2708,31.51,40,1,16.15,clear sky
215,Ngaoundere,CM,7.3167,13.5833,66.54,43,39,3.56,scattered clouds
216,Kloulklubed,PW,7.0419,134.2556,84.7,74,100,11.12,overcast clouds
217,Thinadhoo,MV,0.5333,72.9333,81.07,77,60,18.9,broken clouds
218,Samarai,PG,-10.6167,150.6667,82.98,78,91,16.04,moderate rain
219,Beringovskiy,RU,63.05,179.3167,-3.59,87,6,20.62,clear sky
220,Kikwit,CD,-5.041,18.8162,71.74,95,100,1.61,overcast clouds
221,Springdale,US,36.1867,-94.1288,31.05,66,0,5.75,clear sky
222,Carstairs,CA,51.5668,-114.102,33.62,64,100,7.0,overcast clouds
223,Bollnas,SE,61.3482,16.3946,30.58,78,98,10.54,light snow
224,Eldorado,BR,-23.7869,-54.2836,71.78,69,90,7.52,overcast clouds
225,Tilichiki,RU,60.4667,166.1,-7.98,91,12,7.74,few clouds
226,Goalpara,IN,26.1667,90.6167,76.03,49,88,8.32,overcast clouds
227,Monrovia,LR,6.3005,-10.7969,75.33,89,97,5.28,moderate rain
228,Acton,GB,51.509,-0.2762,42.78,93,100,3.44,overcast clouds
229,Port Hedland,AU,-20.3167,118.5667,89.65,19,100,16.11,overcast clouds
230,Touros,BR,-5.1989,-35.4608,77.29,78,60,12.93,broken clouds
231,Vila Franca Do Campo,PT,37.7167,-25.4333,68.2,96,92,7.72,light rain
232,Pisco,PE,-13.7,-76.2167,62.65,88,97,0.0,mist
233,Codrington,AU,-38.2667,141.9667,49.37,67,71,28.1,light rain
234,Port Lincoln,AU,-34.7333,135.8667,57.27,52,82,20.42,broken clouds
235,Diamantino,BR,-14.4086,-56.4461,71.85,81,5,5.35,clear sky
236,Massakory,TD,12.996,15.7293,71.67,18,10,11.9,clear sky
237,Madimba,TZ,-10.4,40.3333,83.73,65,36,7.11,scattered clouds
238,Santa Rosa,PH,14.3122,121.1114,88.09,75,77,14.2,broken clouds
239,Beloha,MG,-25.1667,45.05,74.28,54,81,11.97,broken clouds
240,Ambovombe,MG,-25.1667,46.0833,75.16,58,49,15.7,light rain
241,Yangambi,CD,0.8102,24.4336,73.22,91,71,2.66,broken clouds
242,Kabinda,CD,-6.1333,24.4833,72.34,82,100,0.56,overcast clouds
243,Jamestown,US,42.097,-79.2353,26.19,76,100,12.66,overcast clouds
244,Chupa,RU,66.27,33.0549,24.94,85,100,0.65,overcast clouds
245,Amapa,BR,1.0,-52.0,71.02,92,80,1.74,broken clouds
246,Vokhma,RU,58.9303,46.7586,12.87,76,4,1.81,clear sky
247,Biltine,TD,14.5333,20.9167,69.01,19,6,6.22,clear sky
248,Arman,RU,59.7,150.1667,19.02,91,100,15.5,light snow
249,Cidreira,BR,-30.1811,-50.2056,69.26,88,51,18.12,broken clouds
250,Mutata,CO,7.2441,-76.4356,74.41,99,100,1.66,overcast clouds
251,Nishihara,JP,26.1842,127.7558,78.85,69,40,16.11,scattered clouds
252,Teguldet,RU,57.3064,88.1667,-3.6,80,97,9.42,overcast clouds
253,Svetlogorsk,BY,52.6333,29.7333,21.58,97,95,6.51,overcast clouds
254,Maralal,KE,1.0968,36.698,65.48,61,89,7.47,overcast clouds
255,Tabora,TZ,-5.0167,32.8,71.73,71,93,3.44,overcast clouds
256,Pierre,US,44.3683,-100.351,36.52,65,0,4.61,clear sky
257,Saskylakh,RU,71.9167,114.0833,-35.0,100,37,4.59,scattered clouds
258,Virginia Beach,US,36.8529,-75.978,37.42,72,20,0.0,few clouds
259,Kalanguy,RU,51.0167,116.5167,7.2,86,9,1.68,clear sky
260,Usinsk,RU,65.9939,57.5281,12.87,93,56,10.51,broken clouds
261,Flin Flon,CA,54.7682,-101.865,15.94,95,83,6.96,broken clouds
262,Huangnihe,CN,43.5583,128.0239,31.08,52,19,9.89,few clouds
263,Ewo,CG,-0.8725,14.8206,71.42,93,98,5.14,overcast clouds
264,Kozhevnikovo,RU,56.2589,83.9714,1.26,77,16,5.41,few clouds
265,Aklavik,CA,68.2191,-135.0107,7.57,97,100,5.19,overcast clouds
266,Xique-Xique,BR,-10.8218,-42.7263,73.72,74,87,8.99,overcast clouds
267,Longyearbyen,SJ,78.2186,15.6401,37.24,81,75,19.57,broken clouds
268,Aripuana,BR,-9.1667,-60.6333,71.71,94,23,1.59,few clouds
269,Richards Bay,ZA,-28.783,32.0377,71.56,56,7,8.43,clear sky
270,Okato,NZ,-39.2,173.8833,63.91,100,72,13.27,broken clouds
271,Baiao,BR,-2.7906,-49.6717,75.49,81,83,1.79,broken clouds
272,Avera,US,33.194,-82.5271,33.31,46,92,6.93,overcast clouds
273,Bowen,AU,-20.0167,148.2333,83.79,75,60,14.32,broken clouds
274,Gongzhuling,CN,43.5008,124.8198,34.16,57,1,10.13,clear sky
275,Tuktoyaktuk,CA,69.4541,-133.0374,21.2,93,100,3.44,mist
276,Ponta Delgada,PT,37.7333,-25.6667,68.5,94,75,13.8,broken clouds
277,Phonhong,LA,18.5007,102.4166,86.7,54,99,1.59,overcast clouds
278,Uspenskaya,RU,45.7645,41.067,58.05,61,100,7.05,overcast clouds
279,Esperance,AU,-33.8667,121.9,62.11,54,26,14.29,scattered clouds
280,Kangaatsiaq,GL,68.3065,-53.4641,20.26,85,100,6.38,overcast clouds
281,Bethel,US,41.3712,-73.414,28.76,54,0,3.44,clear sky
282,Nikolsk,RU,53.7189,46.0712,31.82,95,100,6.02,overcast clouds
283,Buala,SB,-8.145,159.5921,81.95,77,41,4.5,moderate rain
284,Tambopata,PE,-12.7333,-69.1833,75.63,86,100,3.15,overcast clouds
285,Muros,ES,42.7762,-9.0603,61.14,93,100,24.74,light rain
286,Damghan,IR,36.1683,54.348,54.82,34,0,0.76,clear sky
287,Bandarbeyla,SO,9.4942,50.8122,80.6,67,85,17.54,overcast clouds
288,Hamilton,US,39.1834,-84.5333,27.88,54,0,8.05,clear sky
289,Salalah,OM,17.0151,54.0924,84.29,54,0,1.14,clear sky
290,Coquimbo,CL,-29.9533,-71.3436,56.93,100,100,4.61,overcast clouds
291,Bardiyah,LY,31.7561,25.0865,66.61,34,97,10.27,overcast clouds
292,Mianwali,PK,32.5741,71.5264,73.83,24,0,4.32,clear sky
293,Otjiwarongo,NA,-20.4637,16.6477,76.06,32,100,5.26,overcast clouds
294,Walvis Bay,NA,-22.9575,14.5053,60.1,74,97,0.76,overcast clouds
295,Qaqortoq,GL,60.7167,-46.0333,21.29,86,98,2.01,overcast clouds
296,Seoul,KR,37.5683,126.9778,60.4,55,75,6.91,broken clouds
297,Porto-Vecchio,FR,41.591,9.2795,56.86,62,75,16.11,broken clouds
298,Vao,NC,-22.6667,167.4833,76.14,80,55,9.08,broken clouds
299,Stykkisholmur,IS,65.0757,-22.7297,39.15,75,100,8.75,overcast clouds
300,Nador,MA,35.174,-2.9287,57.45,77,0,2.3,clear sky
301,Kichera,RU,55.9375,110.0997,7.83,87,100,5.73,overcast clouds
302,Gornopravdinsk,RU,60.05,69.9,14.81,89,100,11.9,overcast clouds
303,Ilulissat,GL,69.2167,-51.1,21.22,68,75,4.61,broken clouds
304,San-Pedro,CI,4.7485,-6.6363,75.67,90,99,3.87,overcast clouds
305,Lososina,RU,48.9975,140.3106,33.3,41,100,5.53,overcast clouds
306,Karratha,AU,-20.7377,116.8463,84.9,23,100,16.28,overcast clouds
307,Pevek,RU,69.7008,170.3133,-8.36,96,100,7.45,light snow
308,Bintulu,MY,3.1667,113.0333,91.81,62,40,5.75,scattered clouds
309,Abu Dhabi,AE,24.4667,54.3667,82.51,54,0,10.36,clear sky
310,Yar-Sale,RU,66.8333,70.8333,5.43,95,100,15.61,light snow
311,Faya,SA,18.3851,42.4509,59.11,42,4,3.38,clear sky
312,Oum Hadjer,TD,13.2954,19.6966,77.9,16,11,8.19,few clouds
313,Sola,VU,-13.8833,167.55,79.47,89,24,0.0,few clouds
314,Murgab,TM,37.4966,61.9714,57.07,67,0,4.61,clear sky
315,Chippewa Falls,US,44.9369,-91.3929,27.37,87,0,3.44,clear sky
316,Nhulunbuy,AU,-12.2333,136.7667,93.81,52,75,11.5,broken clouds
317,Ruwi,OM,23.5996,58.5507,82.09,48,0,3.94,clear sky
318,Kudahuvadhoo,MV,2.6708,72.8944,81.37,79,23,22.1,few clouds
319,Victor Harbor,AU,-35.5667,138.6167,57.69,60,98,3.0,overcast clouds
320,Shache,CN,38.4167,77.2406,50.74,23,31,0.49,scattered clouds
321,Korla,CN,41.7597,86.1469,45.1,28,100,9.37,overcast clouds
322,Ola,RU,59.5833,151.2833,19.15,88,100,25.05,light snow
323,San Rafael,AR,-34.6177,-68.3301,56.61,34,6,5.35,clear sky
324,Sri Aman,MY,1.2376,111.4621,93.25,55,40,3.44,scattered clouds
325,Dawson Creek,CA,55.7666,-120.2362,38.84,60,75,9.22,broken clouds
326,Krasnoselkup,RU,65.7,82.4667,-19.71,97,67,7.96,broken clouds
327,Prokudskoye,RU,55.0089,82.4574,8.47,71,0,6.71,clear sky
328,Hindaun,IN,26.7167,77.0167,77.88,22,0,3.87,clear sky
329,Uglegorsk,RU,49.0833,142.0333,32.22,62,67,4.32,broken clouds
330,Rawson,AR,-43.3002,-65.1023,53.1,53,0,12.73,clear sky
331,Bengkulu,ID,-3.8004,102.2655,83.46,68,15,10.45,few clouds
332,Yatou,CN,37.15,122.3833,53.19,75,100,14.83,overcast clouds
333,Khatra,IN,22.9833,86.85,80.92,25,100,6.62,overcast clouds
334,Kaihua,CN,23.3687,104.28,69.62,69,58,12.21,broken clouds
335,Darien,US,41.752,-87.974,30.7,59,0,19.57,clear sky
336,Lahat,ID,-3.8,103.5333,91.78,47,59,4.03,broken clouds
337,Fare,PF,-16.7,-151.0167,78.3,74,12,15.26,few clouds
338,La Ronge,CA,55.1001,-105.2842,17.82,79,20,5.75,few clouds
339,Sorong,ID,-0.8833,131.25,85.15,69,100,9.01,overcast clouds
340,Sur,OM,22.5667,59.5289,81.64,46,0,6.58,clear sky
341,Udachnyy,RU,66.4167,112.4,-23.69,100,85,3.4,overcast clouds
342,Ekhabi,RU,53.5102,142.9671,21.79,92,17,8.12,few clouds
343,Kavieng,PG,-2.5744,150.7967,84.67,63,100,10.92,overcast clouds
344,Oranjemund,NA,-28.55,16.4333,64.58,77,51,10.27,broken clouds
345,Aalsmeer,NL,52.2641,4.7653,38.1,92,75,8.01,fog
346,Waterloo,CA,43.4668,-80.5164,19.78,73,0,8.05,clear sky
347,Faanui,PF,-16.4833,-151.75,78.71,73,14,16.42,few clouds
348,Catamarca,AR,-28.4696,-65.7852,65.77,70,100,3.0,overcast clouds
349,Belaya Gora,RU,68.5333,146.4167,-31.72,100,91,1.5,overcast clouds
350,Severo-Yeniseyskiy,RU,60.3725,93.0408,-7.13,95,93,1.81,overcast clouds
351,Arteaga,MX,18.4667,-102.4167,62.33,86,96,2.3,overcast clouds
352,Padang,ID,-0.9492,100.3543,86.05,66,15,6.11,few clouds
353,Linares,CL,-35.85,-71.6,50.2,59,0,2.59,clear sky
354,Houston,US,29.7633,-95.3633,50.92,76,100,9.22,overcast clouds
355,Tasiilaq,GL,65.6145,-37.6368,35.02,87,100,9.89,overcast clouds
356,Riachao,BR,-7.3619,-46.6172,69.37,86,14,3.38,few clouds
357,Abha,SA,18.2164,42.5053,58.82,58,0,5.75,clear sky
358,Egvekinot,RU,66.3167,-179.1667,-13.83,88,100,13.4,overcast clouds
359,Magadi,IN,12.9667,77.2333,77.16,43,98,5.57,overcast clouds
360,Tecoanapa,MX,16.5167,-98.75,75.0,89,19,4.88,light rain
361,Haines Junction,CA,60.7522,-137.5108,37.35,70,100,4.61,overcast clouds
362,San Juan,AR,-31.5375,-68.5364,61.09,39,5,9.98,clear sky
363,Tura,IN,25.5198,90.2201,76.93,49,100,3.44,overcast clouds
364,Tateyama,JP,34.9833,139.8667,61.75,88,81,12.08,broken clouds
365,Natal,BR,-5.795,-35.2094,72.25,94,40,6.91,scattered clouds
366,Santa Maria,BR,-29.6842,-53.8069,71.83,62,100,4.7,light rain
367,Palpa,PE,-14.5336,-75.1856,68.09,68,100,1.41,overcast clouds
368,Arrecife,ES,28.963,-13.5477,66.18,82,20,11.5,few clouds
369,Chapais,CA,49.7834,-74.8492,4.78,96,100,7.31,overcast clouds
370,Araouane,ML,18.9048,-3.5265,67.39,15,91,12.48,overcast clouds
371,Rondonopolis,BR,-16.4708,-54.6356,71.13,76,0,3.47,clear sky
372,San Cristobal,VE,7.7669,-72.225,64.85,97,100,1.59,overcast clouds
373,Muisne,EC,0.6,-80.0333,72.54,85,100,9.64,overcast clouds
374,Vanimo,PG,-2.6741,141.3028,83.37,73,34,5.55,scattered clouds
375,Perry,US,37.2506,-83.1999,29.12,49,0,1.66,clear sky
376,Tezu,IN,27.9167,96.1667,79.93,26,40,2.93,scattered clouds
377,Zhaotong,CN,27.3167,103.7167,58.62,48,68,2.46,broken clouds
378,Chara,RU,56.9064,118.2631,0.39,92,100,1.01,overcast clouds
379,Sioux Lookout,CA,50.1001,-91.917,23.07,86,100,6.91,light snow
380,Geraldton,AU,-28.7667,114.6,93.61,16,0,17.27,clear sky
381,Georgetown,MY,5.4112,100.3354,89.53,70,20,6.91,few clouds
382,Redlands,US,34.0556,-117.1825,59.34,25,0,3.44,clear sky
383,Baltay,RU,52.4652,46.6308,32.77,99,100,6.17,overcast clouds
384,Coihaique,CL,-45.5752,-72.0662,39.81,87,0,2.3,clear sky
385,Nikolayevka,RU,53.1257,47.2041,33.33,97,100,5.61,overcast clouds
386,Dikson,RU,73.5069,80.5464,-21.73,96,33,5.53,scattered clouds
387,Tautira,PF,-17.7333,-149.15,77.05,73,23,12.77,few clouds
388,Santa Elena,EC,-2.2333,-80.85,68.02,81,82,6.71,broken clouds
389,Tumut,AU,-35.3,148.2167,49.3,81,97,16.8,light rain
390,Katsuura,JP,35.1333,140.3,62.06,90,81,9.06,broken clouds
391,Kyaikto,MM,17.3,97.0167,86.0,68,26,4.14,scattered clouds
392,Simpang,ID,-1.2667,104.0833,89.92,54,100,3.42,overcast clouds
393,Vila Do Maio,CV,15.1333,-23.2167,74.19,70,20,17.96,few clouds
394,Cananeia,BR,-25.0147,-47.9267,67.21,93,44,2.62,scattered clouds
395,Rio Grande,BR,-32.035,-52.0986,69.06,91,100,15.19,overcast clouds
396,Brainerd,US,46.358,-94.2008,24.82,68,0,10.36,clear sky
397,Dedougou,BF,12.4667,-3.4667,70.97,21,100,5.88,overcast clouds
398,Namibe,AO,-15.1961,12.1522,73.4,79,100,8.97,overcast clouds
399,Bonthe,SL,7.5264,-12.505,75.47,88,100,3.24,light rain
400,Bani Walid,LY,31.7566,13.9942,56.93,62,0,11.25,clear sky
401,Alugan,PH,12.2188,125.4808,81.82,84,16,7.76,few clouds
402,Srivardhan,IN,18.0333,73.0167,83.37,33,5,5.06,clear sky
403,Havoysund,NO,70.9963,24.6622,37.63,86,69,8.37,broken clouds
404,Goure,NE,13.9835,10.2704,70.54,19,98,11.01,overcast clouds
405,Misratah,LY,32.3754,15.0925,64.62,52,0,19.06,clear sky
406,Bull Savanna,JM,17.8868,-77.5902,72.91,84,100,5.73,overcast clouds
407,Kardamas,GR,37.7667,21.3333,60.91,88,75,4.61,broken clouds
408,Brewster,US,41.3973,-73.6171,28.72,60,0,3.44,clear sky
409,Mount Isa,AU,-20.7333,139.5,91.17,17,38,10.36,scattered clouds
410,Panguna,PG,-6.3164,155.4848,74.28,78,58,1.3,broken clouds
411,Zhigansk,RU,66.7697,123.3711,-28.46,100,98,2.55,overcast clouds
412,Wattegama,LK,6.7989,81.4808,88.93,48,13,1.54,few clouds
413,Chegutu,ZW,-18.1302,30.1407,81.32,44,4,9.31,clear sky
414,Formosa,AR,-26.1775,-58.1781,69.78,100,100,6.91,light rain
415,Hastings,GB,50.8552,0.5729,52.29,81,100,14.58,overcast clouds
416,Salekhard,RU,66.53,66.6019,8.04,86,97,15.79,overcast clouds
417,Kang,BW,-23.6752,22.7876,82.67,29,100,13.76,overcast clouds
418,Leuna,DE,51.3167,12.0167,33.24,92,98,6.29,overcast clouds
419,Slave Lake,CA,55.2834,-114.769,31.98,93,100,3.44,overcast clouds
420,West Wendover,US,40.7391,-114.0733,16.81,73,0,0.0,clear sky
421,Galle,LK,6.0367,80.217,82.44,66,23,12.28,few clouds
422,Kimberley,ZA,-28.7323,24.7623,71.29,33,0,9.22,clear sky
423,Evensk,RU,61.95,159.2333,0.61,74,100,7.63,overcast clouds
424,Jinchang,CN,38.4953,102.1739,45.09,30,100,3.74,overcast clouds
425,Torring,DK,55.85,9.4833,31.68,90,98,6.53,overcast clouds
426,Nueve De Julio,AR,-35.4444,-60.8831,54.97,86,99,8.99,overcast clouds
427,Kembe,CF,4.6228,21.8865,78.78,43,19,4.09,few clouds
428,Adana,TR,36.985,35.2881,63.12,77,0,3.44,clear sky
429,Luena,AO,-11.7833,19.9167,67.48,85,100,1.07,overcast clouds
430,Neiafu,TO,-18.65,-173.9833,78.48,70,100,8.57,overcast clouds
431,Erenhot,CN,43.6475,111.9767,36.97,30,8,12.91,clear sky
432,Tongliao,CN,43.6125,122.2653,30.92,57,0,8.25,clear sky
433,Nyurba,RU,63.2842,118.3319,-15.5,100,67,2.15,broken clouds
434,Gudur,IN,14.1333,79.85,68.47,90,100,12.59,overcast clouds
435,Ardesen,TR,41.1911,40.9875,69.22,54,100,2.48,overcast clouds
436,Aswan,EG,24.0934,32.907,77.63,45,100,6.73,overcast clouds
437,Cockburn Town,TC,21.4612,-71.1419,81.43,75,4,19.01,light rain
438,Tucuman,AR,-26.8241,-65.2226,64.4,100,75,18.41,thunderstorm with rain
439,Verkhoyansk,RU,67.5447,133.385,-28.44,100,96,2.3,overcast clouds
440,Vostok,RU,46.4856,135.8833,20.71,90,100,2.57,overcast clouds
441,Tsiroanomandidy,MG,-18.7667,46.0333,79.63,48,0,3.8,clear sky
442,Phuket,TH,8.0,98.25,86.09,79,40,12.66,light rain
443,Taoudenni,ML,22.6783,-3.9836,64.69,23,0,14.72,clear sky
444,Port Victoria,KE,0.0939,33.9756,71.19,73,100,4.38,overcast clouds
445,Bjelovar,HR,45.8986,16.8489,37.4,94,85,4.29,overcast clouds
446,Angoche,MZ,-16.2325,39.9086,84.06,62,0,6.67,clear sky
447,Ngunguru,NZ,-35.6167,174.5,63.88,93,100,9.17,overcast clouds
448,Dubai,AE,25.2582,55.3047,85.93,51,0,2.3,clear sky
449,Pinega,RU,64.7001,43.3936,29.68,96,100,5.77,overcast clouds
450,Kurchum,KZ,48.5722,83.6542,27.12,89,93,3.94,overcast clouds
451,Kharp,RU,66.8014,65.8081,3.6,87,11,10.92,few clouds
452,Caravelas,BR,-17.7125,-39.2481,71.1,95,100,3.91,overcast clouds
453,Puerto Escondido,MX,15.85,-97.0667,76.28,82,6,5.19,clear sky
454,Shingu,JP,33.7333,135.9833,64.38,83,80,2.53,broken clouds
455,Iwaki,JP,37.05,140.8833,61.41,82,80,1.01,broken clouds
456,Muzhi,RU,65.3667,64.6667,14.23,78,2,15.68,clear sky
457,Sabha,LY,27.0377,14.4283,55.76,27,0,10.0,clear sky
458,Acapulco,MX,16.8634,-99.8901,76.82,78,40,6.91,light rain
459,Yashalta,RU,46.3395,42.2762,59.2,57,100,1.83,overcast clouds
460,Basco,PH,20.4487,121.9702,80.01,79,47,21.63,scattered clouds
461,Hualmay,PE,-11.0964,-77.6139,63.55,88,93,6.46,overcast clouds
462,Puerto Ayacucho,VE,5.6639,-67.6236,73.29,96,51,4.25,broken clouds
463,Vanavara,RU,60.34,102.2797,-5.39,91,99,4.45,overcast clouds
464,Sokolow Podlaski,PL,52.4068,22.2531,21.47,94,74,5.08,broken clouds
465,Hillsboro,US,45.5229,-122.9898,41.67,71,0,3.44,clear sky
466,Clarksdale,US,34.2001,-90.5709,31.91,86,20,0.0,few clouds
467,Sao Francisco Do Sul,BR,-26.2433,-48.6381,66.11,96,27,3.18,scattered clouds
468,Trairi,BR,-3.2778,-39.2689,78.66,75,24,12.28,few clouds
469,Pacific Grove,US,36.6177,-121.9166,52.66,53,0,6.91,clear sky
470,San Quintin,MX,30.4833,-115.95,60.24,48,98,1.07,overcast clouds
471,Nurota,UZ,40.5614,65.6886,55.4,64,100,11.25,overcast clouds
472,Norrtalje,SE,59.758,18.705,34.02,89,95,13.67,snow
473,Lucapa,AO,-8.4192,20.7447,71.46,86,99,3.04,overcast clouds
474,Kapuskasing,CA,49.4169,-82.4331,15.89,86,100,12.66,light snow
475,Mujiayingzi,CN,42.1167,118.7833,38.82,26,3,4.12,clear sky
476,Porbandar,IN,21.6422,69.6093,84.7,32,0,4.81,clear sky
477,Shelburne,CA,44.0787,-80.2041,19.85,82,87,13.76,overcast clouds
478,Marawi,PH,7.9986,124.2928,75.9,87,48,3.42,light rain
479,Arkhangelsk,RU,64.5401,40.5433,24.91,100,100,4.47,overcast clouds
480,Berezovyy,RU,51.6667,135.7,23.81,55,72,6.2,broken clouds
481,Kushima,JP,31.4583,131.2333,68.11,73,28,5.82,scattered clouds
482,Saint George,US,37.1041,-113.5841,37.99,38,0,4.61,clear sky
483,Ordzhonikidze,KZ,52.4411,61.7408,14.11,80,64,2.95,broken clouds
484,Yulara,AU,-25.2406,130.9889,83.64,18,55,10.04,broken clouds
485,Port Macquarie,AU,-31.4333,152.9167,85.89,32,37,12.24,scattered clouds
486,Marshall,US,34.3834,-86.3333,29.95,63,0,4.61,clear sky
487,Neustrelitz,DE,53.3667,13.0833,25.57,97,100,4.25,overcast clouds
488,Mehran,IR,33.1222,46.1646,73.2,23,0,0.89,clear sky
489,Pathein,MM,16.7833,94.7333,88.38,48,1,1.88,clear sky
490,Saint-Francois,FR,46.4154,3.9054,38.68,93,0,0.0,clear sky
491,Busayra,JO,30.7376,35.6078,60.04,50,97,8.05,overcast clouds
492,Kidal,ML,18.4411,1.4078,69.6,14,84,10.2,broken clouds
493,Kirakira,SB,-10.4544,161.9205,81.23,81,13,5.12,few clouds
494,Wilmington,US,34.2257,-77.9447,40.86,60,0,1.01,clear sky
495,Khandyga,RU,62.6667,135.6,-29.72,100,31,0.69,scattered clouds
496,Muyezerskiy,RU,63.9333,31.65,16.43,97,53,1.57,broken clouds
497,Skovorodino,RU,53.9833,123.9167,10.33,93,100,4.99,overcast clouds
498,Hohhot,CN,40.8106,111.6522,41.29,38,0,2.24,clear sky
499,Zhezkazgan,KZ,47.8043,67.7144,31.98,93,100,8.95,overcast clouds
500,Araripe,BR,-7.2125,-40.0461,71.8,55,100,4.38,overcast clouds
501,Laiyang,CN,36.9758,120.7136,52.2,66,100,13.22,overcast clouds
502,Bahia Blanca,AR,-38.7196,-62.2724,58.28,74,1,8.12,clear sky
503,Westport,US,41.1415,-73.3579,30.74,51,0,11.5,clear sky
504,Torbat-E Jam,IR,35.244,60.6225,59.65,34,0,3.91,clear sky
505,Broome,US,42.2506,-75.833,25.63,70,100,6.91,overcast clouds
506,Bairnsdale,AU,-37.8333,147.6167,51.06,72,82,4.0,light rain
507,Shevchenkove,UA,49.6959,37.1735,37.42,100,100,3.18,light rain
508,Quatre Cocos,MU,-20.2078,57.7625,82.51,62,1,11.1,clear sky
509,The Valley,AI,18.217,-63.0578,80.46,75,0,22.19,clear sky
510,Alice Springs,AU,-23.7,133.8833,76.55,22,40,14.97,scattered clouds
511,Krasnogvardeyskoye,RU,45.8456,41.5186,61.02,51,100,4.16,overcast clouds
512,Saldanha,ZA,-33.0117,17.9442,64.45,72,59,16.13,broken clouds
513,Selikhino,RU,50.3672,137.4996,21.81,74,43,15.35,scattered clouds
514,Juegang,CN,32.3174,121.1855,70.99,84,100,13.38,overcast clouds
515,Minsk,BY,53.9,27.5667,22.75,96,94,8.3,overcast clouds
516,San Vicente,AR,-26.6167,-54.1333,65.05,93,100,0.34,overcast clouds
517,Peniche,PT,39.3558,-9.3811,64.11,92,100,20.09,overcast clouds
518,Maroantsetra,MG,-15.4333,49.7333,86.61,55,0,3.96,clear sky
519,Saint-Louis,SN,16.3333,-15.0,67.64,17,38,9.1,scattered clouds
520,Linkou,CN,45.3,130.2833,28.85,43,0,10.16,clear sky
521,Leningradskiy,RU,69.3833,178.4167,-24.12,92,85,5.5,overcast clouds
522,Azul,AR,-36.777,-59.8585,49.69,90,38,12.1,scattered clouds
523,Tessalit,ML,20.1986,1.0114,64.18,18,95,10.4,overcast clouds
524,Cordele,US,31.9635,-83.7824,30.72,86,0,3.44,clear sky
525,Alta Floresta,BR,-9.8756,-56.0861,68.99,97,52,3.2,broken clouds
526,Kruisfontein,ZA,-34.0033,24.7314,71.26,42,10,5.68,clear sky
527,Roebourne,AU,-20.7833,117.1333,84.43,25,100,15.32,overcast clouds
528,Esmeraldas,BR,-19.7625,-44.3139,68.86,91,45,4.43,scattered clouds
529,Xiongzhou,CN,25.1167,114.3,84.88,45,32,2.68,scattered clouds
530,Kavaratti,IN,10.5669,72.642,81.27,50,100,7.52,overcast clouds
531,Lazurne,UA,46.084,32.5295,57.27,90,100,9.13,overcast clouds
532,Isla Mujeres,MX,21.2311,-86.731,75.25,82,28,2.89,scattered clouds
533,Dong Hoi,VN,17.4833,106.6,77.09,85,100,11.01,overcast clouds
534,Lodwar,KE,3.1191,35.5973,89.67,36,58,15.14,broken clouds
535,Abu Kamal,SY,34.4506,40.9171,65.73,50,97,4.76,overcast clouds
536,Jacareacanga,BR,-6.2222,-57.7528,73.71,85,74,0.98,broken clouds
537,Marktredwitz,DE,50.005,12.0811,37.96,97,100,4.0,light rain
538,Jiexiu,CN,37.0244,111.9125,53.58,55,100,9.75,overcast clouds
539,Kodar,IN,16.9833,79.9667,68.72,76,100,2.57,overcast clouds
540,Fairbanks,US,64.8378,-147.7164,15.98,88,100,0.0,overcast clouds
541,Matagami,CA,49.7502,-77.6328,5.11,92,100,11.5,overcast clouds
542,Jasper,US,37.2001,-94.3502,35.02,54,0,3.0,clear sky
543,Magadan,RU,59.5667,150.8,18.54,92,100,22.84,snow
544,Pangnirtung,CA,66.1451,-65.7125,-1.71,67,79,7.38,broken clouds
545,Saint-Joseph,RE,-21.3667,55.6167,79.18,59,8,2.24,clear sky
546,Ariquemes,BR,-9.9133,-63.0408,74.79,87,100,2.62,overcast clouds
547,Carballo,ES,43.213,-8.691,60.49,92,100,12.06,overcast clouds
548,Rossosh,RU,51.1209,38.5116,32.79,99,100,9.55,light snow
549,Gambela,ET,8.25,34.5833,87.82,43,29,2.84,scattered clouds
550,Boulsa,BF,12.6675,-0.5758,70.61,21,12,8.68,few clouds
551,Canguaretama,BR,-6.38,-35.1289,74.73,81,74,9.35,broken clouds
552,Ahipara,NZ,-35.1667,173.1667,63.86,97,100,11.63,overcast clouds
553,Gigmoto,PH,13.7796,124.39,82.76,81,84,7.96,broken clouds
554,Dukat,RU,62.55,155.55,-3.37,94,100,3.58,overcast clouds
555,Petropavl,KZ,54.8753,69.1628,6.78,92,0,11.18,clear sky
556,Namatanai,PG,-3.6667,152.4333,83.1,67,100,8.63,overcast clouds
557,Itaperucu,BR,-25.22,-49.3478,62.91,98,97,2.3,overcast clouds
558,Pringsewu,ID,-5.3582,104.9744,88.32,56,79,5.39,broken clouds
559,Bay Roberts,CA,47.5999,-53.2648,44.51,90,58,10.0,broken clouds
560,Piacabucu,BR,-10.4056,-36.4344,75.11,84,100,10.07,overcast clouds
561,Okha,RU,53.5739,142.9478,23.04,90,32,9.17,scattered clouds
562,Patillas,PR,18.0064,-66.0157,78.53,89,75,8.7,broken clouds
563,Umba,RU,66.6871,34.3429,20.91,93,87,1.97,overcast clouds
564,Paita,PE,-5.0892,-81.1144,63.18,85,1,9.19,clear sky
565,Seymchan,RU,62.8833,152.4333,-13.52,89,100,0.98,overcast clouds
566,Bayan,CN,46.0833,127.4,26.83,41,0,9.35,clear sky
567,Rexburg,US,43.826,-111.7897,12.42,68,0,5.75,clear sky
568,Cauquenes,CL,-35.9671,-72.3225,49.46,55,5,2.66,clear sky
569,Tecalitlan,MX,19.4667,-103.3,63.03,89,100,2.26,overcast clouds
570,Vestmanna,FO,62.1564,-7.1664,43.72,87,100,14.97,light rain
571,Olds,CA,51.7834,-114.102,33.85,69,100,12.66,overcast clouds
572,Hovd,MN,48.0056,91.6419,39.42,27,85,6.33,overcast clouds
573,Gejiu,CN,23.306,103.1635,64.38,61,70,6.98,broken clouds
574,Filingue,NE,14.3521,3.3168,72.16,19,23,9.55,few clouds
575,Kachiry,KZ,53.0675,76.1036,16.52,67,85,7.2,overcast clouds
576,Smithers,CA,54.7804,-127.1743,19.72,100,100,4.61,overcast clouds
577,Naspur,IN,18.8333,79.45,79.83,36,99,7.99,overcast clouds
578,Rocha,UY,-34.4833,-54.3333,64.45,99,100,7.2,heavy intensity rain
579,Poum,NC,-20.2333,164.0167,80.19,81,44,11.23,scattered clouds
580,Jishui,CN,33.7333,115.4,64.63,57,100,8.5,overcast clouds
581,Boali,CF,4.8005,18.1275,81.25,45,57,2.28,broken clouds
582,Jagdalpur,IN,19.0667,82.0333,79.75,44,95,6.26,overcast clouds
583,Chitrakonda,IN,18.1167,82.0833,77.41,61,100,2.89,light rain
584,Andenes,NO,69.3143,16.1194,26.58,80,0,9.22,clear sky
585,Canatlan,MX,24.5167,-104.7833,50.58,78,0,2.42,clear sky
586,Vung Tau,VN,10.346,107.0843,80.02,80,100,3.44,heavy intensity rain
587,Mokhsogollokh,RU,61.4681,128.9203,-14.73,98,100,2.95,overcast clouds
588,Yuzawa,JP,39.1667,140.5,55.42,79,66,1.12,broken clouds
589,Gizo,SB,-8.103,156.8419,85.1,63,5,6.26,clear sky
590,Ilo,PE,-17.6394,-71.3375,64.62,83,100,6.02,overcast clouds
591,El Castillo,MX,19.5333,-96.85,59.47,83,97,2.13,overcast clouds
592,Alekseyevsk,RU,57.8406,108.3492,10.36,93,100,1.61,overcast clouds
593,Key West,US,24.5557,-81.7826,80.6,86,100,13.8,overcast clouds
594,Aleksandrovskiy Zavod,RU,50.9237,117.9374,7.77,87,9,3.38,clear sky
595,Goderich,CA,43.7501,-81.7165,29.91,69,32,17.27,scattered clouds
596,Esna,EG,25.2934,32.554,77.11,39,32,3.56,scattered clouds
597,Sembakung,ID,3.8167,117.25,79.12,94,100,1.32,overcast clouds
598,Fergus Falls,US,46.283,-96.0776,22.26,86,40,6.91,scattered clouds
599,Acari,PE,-15.4311,-74.6158,67.3,78,100,2.01,overcast clouds
600,Kijang,KR,35.2442,129.2139,65.93,53,100,5.37,overcast clouds
601,Coari,BR,-4.085,-63.1414,76.19,79,48,0.96,scattered clouds
602,Nadadores,MX,27.05,-101.6,42.24,85,100,2.64,overcast clouds
603,Chitral,PK,35.8462,71.7858,48.56,32,5,6.98,clear sky
604,Nampa,US,43.5407,-116.5635,24.26,85,0,0.0,mist
605,Ler,SS,8.3018,30.1418,87.62,23,1,5.17,clear sky
606,Oktyabrskiy,RU,54.4815,53.471,14.88,95,73,0.18,broken clouds
607,Shihezi,CN,44.3,86.0333,41.2,68,100,5.59,overcast clouds
608,Amazar,RU,53.858,120.875,12.9,77,100,4.72,overcast clouds
609,Longonjo,AO,-12.9067,15.2533,70.66,74,100,0.83,light rain
610,Khasan,RU,42.4308,130.6434,43.65,46,7,17.29,clear sky
611,Buin,CL,-33.7333,-70.75,67.73,40,0,3.22,clear sky
612,Tabou,CI,4.423,-7.3528,76.48,86,99,3.09,overcast clouds
613,Sainte-Marie,RE,-20.8968,55.5496,82.53,67,0,11.5,clear sky
614,Barmer,IN,25.75,71.3833,82.62,16,0,7.09,clear sky
615,Hof,DE,50.3167,11.9167,39.45,94,75,13.0,light rain
616,Tromso,NO,69.6496,18.957,28.38,93,0,2.3,clear sky
617,Rocky Mountain House,CA,52.3668,-114.9188,28.51,80,100,2.3,overcast clouds
618,Zaidpur,IN,26.8333,81.3333,77.07,34,0,7.2,clear sky
619,Gumdag,TM,39.2061,54.5906,62.24,65,31,6.46,scattered clouds
620,Coahuayana,MX,18.7333,-103.6833,74.66,85,98,3.98,overcast clouds
621,Verkhnevilyuysk,RU,63.4453,120.3167,-17.73,100,65,0.76,broken clouds
622,Tuy Hoa,VN,13.0833,109.3,78.17,92,99,8.39,overcast clouds
623,Isangel,VU,-19.55,169.2667,84.31,79,5,4.61,clear sky
624,Kemijarvi,FI,66.7131,27.4306,12.58,98,63,0.4,broken clouds
625,Cabra,ES,37.4725,-4.4421,49.28,87,15,4.29,few clouds
626,Honiara,SB,-9.4333,159.95,82.0,78,48,2.71,scattered clouds
627,Zaraysk,RU,54.7653,38.8836,23.49,96,100,6.35,overcast clouds
628,Umm Kaddadah,SD,13.6017,26.6876,76.5,17,0,13.82,clear sky
629,El Alto,PE,-4.2714,-81.2147,63.54,80,4,13.24,clear sky
630,Iguape,BR,-24.7081,-47.5553,66.36,94,12,3.04,few clouds
631,Calama,CL,-22.4667,-68.9333,45.09,33,0,16.11,clear sky
632,Manokwari,ID,-0.8667,134.0833,83.43,72,25,3.27,scattered clouds
633,Tchollire,CM,8.4022,14.1698,79.05,28,5,2.55,clear sky
634,Kaseda,JP,31.4167,130.3167,68.43,65,2,5.57,clear sky
635,Bairiki,KI,1.3292,172.9752,82.4,78,40,9.22,scattered clouds
636,Strezhevoy,RU,60.7333,77.5889,-2.67,84,100,12.64,overcast clouds
637,Oyan,NG,8.05,4.7667,73.58,76,96,2.53,overcast clouds
638,Luderitz,NA,-26.6481,15.1594,69.64,56,92,13.09,overcast clouds
639,Kamaishi,JP,39.2667,141.8833,54.68,88,69,4.41,broken clouds
640,Ocos,GT,14.5094,-92.1933,75.38,87,100,4.38,light rain
641,Puerto Baquerizo Moreno,EC,-0.9,-89.6,68.59,89,100,11.52,overcast clouds
642,Gorele,TR,41.0308,39.0031,66.96,51,100,5.53,overcast clouds
643,Saint Cloud,US,45.5608,-94.1625,26.44,74,0,10.36,clear sky
644,Kahului,US,20.8947,-156.47,77.85,79,20,10.36,few clouds
645,Kualakapuas,ID,-3.0091,114.3876,89.73,56,78,4.0,broken clouds
646,Kaffrine,SN,14.1059,-15.5508,70.97,20,95,8.34,overcast clouds
647,North Platte,US,41.1239,-100.7654,15.69,57,0,6.91,clear sky
648,Namwala,ZM,-15.7504,26.4384,85.98,28,46,8.77,scattered clouds
649,Marmora,IT,44.4583,7.094,35.74,32,100,6.91,overcast clouds
650,Itarema,BR,-2.9248,-39.9167,80.1,70,95,15.26,overcast clouds
651,Ikalamavony,MG,-21.15,46.5833,77.81,55,21,11.79,few clouds
652,Novouralsk,RU,57.2439,60.0839,15.58,77,8,10.67,clear sky
653,Kamenka,RU,51.3223,42.7678,33.19,99,100,12.5,light snow
654,Mishelevka,RU,52.8575,103.1719,18.01,79,100,7.58,overcast clouds
655,Leh,IN,34.1667,77.5833,20.97,58,51,0.49,broken clouds
656,Gabu,GW,12.2833,-14.2167,65.25,46,46,1.25,scattered clouds
657,Laguna,US,38.421,-121.4238,53.01,77,0,0.0,clear sky
658,Lompoc,US,34.6391,-120.4579,52.84,50,0,10.36,clear sky
659,Bisira,PA,8.5196,-81.7115,60.01,97,100,2.39,overcast clouds
660,Tondano,ID,1.3038,124.9112,75.29,84,100,0.31,moderate rain
661,Ferkessedougou,CI,9.6,-5.2,71.55,50,48,2.17,scattered clouds
662,Evanton,GB,57.6638,-4.34,32.59,93,41,1.97,scattered clouds
663,Eyrarbakki,IS,63.863,-21.1481,39.25,87,38,12.12,scattered clouds
664,Iqaluit,CA,63.7506,-68.5145,10.13,85,100,4.61,light snow
665,Ahuimanu,US,21.4447,-157.8378,78.51,74,40,16.11,scattered clouds
666,Aasiaat,GL,68.7098,-52.8699,13.95,90,100,5.41,overcast clouds
667,Miracema Do Tocantins,BR,-9.5618,-48.3967,70.45,93,20,2.64,few clouds
668,Kaeo,NZ,-35.1,173.7833,66.33,92,100,10.65,overcast clouds
669,Villarrica,PY,-25.75,-56.4333,70.2,99,100,4.54,light rain
670,Ketchikan,US,55.3422,-131.6461,42.51,97,100,6.8,moderate rain
671,Kjopsvik,NO,68.097,16.3742,15.67,50,0,10.11,clear sky
672,Punta Alta,AR,-38.8759,-62.0736,58.53,74,0,12.28,clear sky
673,Shimoda,JP,34.6667,138.95,64.76,80,19,10.2,few clouds
674,Fremont,US,37.5483,-121.9886,56.97,57,87,6.91,overcast clouds
675,Black River,JM,18.0264,-77.8487,74.53,87,96,4.09,overcast clouds
676,Arlit,NE,18.7369,7.3853,72.21,18,15,5.19,few clouds
677,Akyab,MM,20.15,92.9,84.04,66,8,10.04,clear sky
678,Pusad,IN,19.9,77.5833,77.61,33,100,6.69,overcast clouds
679,Batemans Bay,AU,-35.7167,150.1833,65.1,40,1,14.7,clear sky
680,Bestobe,KZ,52.4994,73.0975,17.49,62,74,7.25,broken clouds
681,Wasilla,US,61.5814,-149.4394,36.93,73,0,13.8,clear sky
682,Broken Hill,AU,-31.95,141.4333,66.56,25,0,25.21,clear sky
683,Ekibastuz,KZ,51.6667,75.3667,21.22,60,79,6.26,broken clouds
684,Mizdah,LY,31.4451,12.9801,49.62,63,0,6.35,clear sky
685,Pundaguitan,PH,6.3711,126.1689,83.3,75,92,10.71,overcast clouds
686,Tecpan,GT,14.7623,-90.9947,54.9,96,100,4.74,overcast clouds
687,Lieksa,FI,63.3167,30.0167,22.12,90,91,1.86,overcast clouds
688,Tutoia,BR,-2.7619,-42.2744,78.08,82,28,12.12,scattered clouds
689,Sambava,MG,-14.2667,50.1667,82.08,67,0,9.66,clear sky
690,Kraksaan,ID,-7.7585,113.3962,85.41,67,100,3.96,overcast clouds
691,Damaturu,NG,11.747,11.9608,72.64,28,6,11.14,clear sky
692,Mubi,NG,10.2676,13.2644,77.27,22,9,4.85,clear sky
693,Callaway,US,30.153,-85.5699,42.98,61,100,11.5,overcast clouds
694,Buta,CD,2.7858,24.73,82.29,59,24,2.19,few clouds
